,subject,trials,activations,torques,emgSO,emgMG,emgLG,lnemgSO,lnemgMG,lnemgLG,emgSO_norm_mvc,emgSO_norm_mmax,emgMG_norm_mvc,emgMG_norm_mmax,emgLG_norm_mvc,emgLG_norm_mmax
0,sub01,01,1.073749098796828,3.5638683350196203,0.012608995006727616,0.011555237923051125,0.010847063320574819,-4.373344830299722,-4.460616444983038,-4.52386089732933,10.79903268755372,0.6492497722113787,8.706638157333913,0.5531198342272797,10.635734501313374,0.7058374066745176
1,sub01,05,4.300202126538344,10.135483719499147,0.0296327414812908,0.01449678385189418,0.01337969523678216,-3.5188753978397127,-4.233828457475245,-4.314017002061484,25.800094946701652,1.5511302032156815,12.162648144609902,0.7726750329970503,13.199201879123004,0.875961168773359
2,sub01,10,10.090744459945988,14.465865768973531,0.033815451630142886,0.012933942608549808,0.013054843304075567,-3.386837432133056,-4.347900213222118,-4.338596079654854,30.154727084659715,1.8129354968409266,10.3359874071585,0.6566299802418104,12.856513464728616,0.8532187524706891
3,sub01,15,12.114664374271666,16.29539599305722,0.029167329196979733,0.016279570188125085,0.013383107036807198,-3.5347060592196478,-4.117844319977079,-4.313762036231775,27.497535210322678,1.6531821866093925,13.819665414195399,0.8779428873517009,13.340266207707755,0.8853228616447113
4,sub01,25,23.010005379095844,25.398260531748168,0.02893306358478389,0.03180073651719441,0.012671827864870547,-3.54277026913395,-3.4482658285461527,-4.368374027898277,24.974701036333293,1.5015066097146688,24.82637709348149,1.577182987769337,13.415534876522415,0.8903180448164445
5,sub01,50,44.85731616757831,51.70945852243298,0.04790836416308817,0.07758024010897378,0.029620159334238862,-3.0384651726256044,-2.5564425219896223,-3.5193000908781253,43.529512057918794,2.6170423412690176,60.81071289607799,3.86321457587954,29.09042886640082,1.9305777957859243
6,sub01,75,71.15205757149535,77.9244222165423,0.06729331742763282,0.07202218348765375,0.04162403738923883,-2.698694342541902,-2.63078110342518,-3.1790774567329865,56.54687168161867,3.3996603789217255,56.44413061617599,3.5858120672241505,38.37533272382012,2.5467677222206033
7,sub01,90,78.4487603798905,98.89683780867604,0.16401999693713618,0.13604729059684126,0.1314687961136507,-1.8077669260475937,-1.9947527287116298,-2.0289857474338997,134.2490445468407,8.071200830060269,108.92177824504157,6.919639341608548,126.81456380042869,8.416011402917341
8,sub01,95,87.74158907843945,99.98841331764046,0.12944667920910397,0.10976060847203609,0.0930650701688125,-2.0444862261912418,-2.209453571360707,-2.3744563512557373,105.65894779290632,6.352332636764892,86.22321058437878,5.4776329374389965,90.13841172031371,5.982009306698053
9,sub01,100,90.61900177052495,118.7668814672117,0.12320011295337328,0.16882819025772353,0.09488700809520115,-2.0939453110538095,-1.7788737068674123,-2.355068483736986,109.06989667200632,6.5574026506127705,127.89521887845248,8.124993939816285,92.681355473184,6.1507710244358815
0,sub02,01,1.5946003718450674,2.0852412813137264,0.008711855531345554,0.020257695002083197,0.013697264342231962,-4.743070476208721,-3.8992205575084684,-4.290559149136134,6.164337801491292,0.483108304806267,15.978445037055147,1.0488702875368587,10.054249312725346,0.9621134054575481
1,sub02,05,4.262273753065548,7.268908202702453,0.011782529401920245,0.017559422360382167,0.01362904426601393,-4.441137403780557,-4.042164586510863,-4.2955521556138,7.1480343522378185,0.5602020638406856,13.553789462061452,0.889709043484403,9.596516674940778,0.9183119546251536
2,sub02,10,8.580008302107567,11.848728636305792,0.01148204720982474,0.022360651633872998,0.014770739819067312,-4.4669705756073865,-3.8004524882811976,-4.215107094386078,7.326833731836656,0.5742148366575013,16.492592729532596,1.0826203950595006,10.727812331703594,1.0265681439290937
3,sub02,15,16.118705415815782,18.06151886481059,0.01991186434932076,0.02202213515807256,0.015622670266790045,-3.916439526449053,-3.81570718789823,-4.159032197402055,13.59684734916589,1.0656051120326324,18.673024587089238,1.2257501041198169,10.809344735590438,1.0343701604018132
4,sub02,25,27.105781724585533,27.80726451278828,0.021151453406309598,0.02501648052413849,0.018058504335476046,-3.8560466568764418,-3.6882204503390916,-4.01413855084159,14.713978287330152,1.1531563220997716,17.960361860990343,1.178968908784059,12.783886759332491,1.223318463909373
5,sub02,50,53.67469993420792,49.90811222338181,0.038822126437276776,0.03440238088410359,0.03305626441153228,-3.2487649258925058,-3.3696295052506096,-3.4095441871801104,23.534875028561,1.8444630948233918,26.840904756750135,1.7619128409976073,22.502387668320633,2.1533033603107863
6,sub02,75,78.71647733120292,69.18545335831938,0.06374000129555371,0.04324846367633278,0.034760815855638554,-2.7529429496673474,-3.14079356816967,-3.3592645077545606,39.81970226552228,3.1207291811186635,32.84747192326011,2.156200884448417,26.50344915991872,2.5361738041791644
7,sub02,90,82.94141945058627,74.70294189585294,0.07316874843867263,0.0667729024334442,0.0608712091594479,-2.6149868830750105,-2.7064579329325946,-2.798994972053135,45.68130202841265,3.5801114564082672,51.33717530854492,3.3699172668135637,43.70491294881967,4.1822200071361255
8,sub02,95,95.18995335929023,97.57550564197379,0.12102576968973656,0.09022488712575026,0.0956224818153729,-2.111751783418399,-2.4054499794848208,-2.3473473211390665,78.64735184396834,6.1637097203936,70.86248584043366,4.651613828921776,71.3139184688455,6.824186950262188
9,sub02,100,94.17610455326026,93.79805946658561,0.09720866625028193,0.1133545394153516,0.0977007100612584,-2.3308954125366492,-2.1772348550550014,-2.3258464521884856,59.46763760511493,4.660567042138773,80.51314858867568,5.28511060462151,68.929406697098,6.596007732728171
0,sub03,01,1.1872815487657506,1.6056579398878936,0.010186427617702236,0.010991738942579347,0.00895087001337611,-4.5866990704758805,-4.510611293549517,-4.716004543221335,5.423463917612981,0.6203336249413229,21.088235430718072,0.5943470142118658,13.836653117305818,1.4154797648603528
1,sub03,05,5.7769901291987775,4.171879340109857,0.008898941342838647,0.009654755353750002,0.008875316084983917,-4.721822959562033,-4.6403047022367785,-4.724481329045409,5.405909018443927,0.6183257026240648,19.6217663004804,0.5530163134116919,13.06270668047132,1.3363055952734288
2,sub03,10,6.98805876992421,12.174570882102763,0.018455268017600297,0.013094689520530169,0.011439783786895736,-3.9924054198421346,-4.335548511075962,-4.4706581929559635,9.441583678064871,1.0799245495448249,27.5123225324543,0.7754023234859747,17.776908468345244,1.8185650825665047
3,sub03,15,13.084269519201385,15.638383309006517,0.03617967921390984,0.014358431392682846,0.014499580416984667,-3.3192576654470574,-4.2434179558214185,-4.2336355667339625,20.721288833931474,2.3700926955675823,28.410595429286932,0.8007190843849089,20.903327022322678,2.138395475228737
4,sub03,25,20.35014876414237,24.405585350862083,0.06115045763918427,0.018711522949899508,0.024760635343104798,-2.794417932998231,-3.978615744365802,-3.69850017143418,33.69583332143969,3.8541158837297376,37.466511512435886,1.055949385784741,43.48179420161524,4.448156596137371
5,sub03,50,52.81457900752942,50.16475169424327,0.0977425912304256,0.03324309695247598,0.04016730483885599,-2.3254178760282236,-3.403908143886157,-3.214701926741453,56.73986337816805,6.489882787594146,69.15928557311103,1.949172799234282,71.31822583568376,7.295803738108554
6,sub03,75,71.97480876196126,75.43495918141963,0.09732842029508987,0.029196503945399153,0.03097781397058979,-2.3296642430762518,-3.533706304773147,-3.47448400908508,52.66604171388657,6.023920701599392,54.1177020839435,1.5252435299895477,48.12079973205087,4.922723559819804
7,sub03,90,82.51045149463442,79.153354425929,0.1732742773823605,0.049846556681059695,0.0657336528769039,-1.7528795215381885,-2.9988058585595856,-2.722144264283022,100.18515441720082,11.459137729873854,105.2436108069039,2.9661668968681965,102.00895703363176,10.435443693751417
8,sub03,95,87.27087255513302,106.84665109089892,0.2524187103362072,0.07024878470315424,0.09231062510976437,-1.3766660213628377,-2.6557122705171494,-2.382596029149855,144.81365866646726,16.563728123985193,158.41487662984787,4.464736238412013,162.46580948906467,16.620136666272497
9,sub03,100,92.86122934166949,107.67080247138736,0.18546155097074465,0.05803447064952739,0.08008595945833955,-1.6849076908134464,-2.8467181234312466,-2.5246547279336804,104.94426954768785,12.003483407332972,127.10808345433293,3.582391240436897,135.05936100276426,13.816476494252559
0,sub04,01,3.3735052171275592,2.184911212126771,0.01951286786152604,0.017163192156689384,0.006466316331055099,-3.9366811407096574,-4.064988179105378,-5.041148678658552,8.824085490266969,1.234721618545948,6.805052176405399,0.7519876551297299,2.928843178051549,0.2621661304788004
1,sub04,05,5.415495305384077,5.697612743859392,0.029199807412429044,0.01607804646543863,0.008212801314066721,-3.53359316519441,-4.130300511079385,-4.802061206155969,14.010406325693502,1.9604242948493125,6.691906623909666,0.7394845829263118,3.6310422466955745,0.32502125841183366
2,sub04,10,11.481927208387388,12.293192270456684,0.07392245061539916,0.0193030620949341,0.013075642524667004,-2.6047386999336335,-3.9474915378875037,-4.337004128772625,30.6225071479017,4.284894069906402,7.912158594734252,0.8743276957226221,5.861966698142021,0.5247154022325861
3,sub04,15,17.75658208544273,16.49761754412385,0.06453019993233146,0.017337523956116607,0.01480145287012398,-2.740621948754182,-4.0548821115906435,-4.213029936129853,22.4232225009087,3.137598520535217,7.020858730814691,0.7758352114165933,6.903303070660469,0.617927332921074
4,sub04,25,25.77476479000438,24.793243357172077,0.0887585624051135,0.025708865855457844,0.022848049766677647,-2.4218353774762003,-3.660919371650591,-3.778889514663923,36.11424234853529,5.053332247781184,10.249234313485637,1.1325846559995696,9.809975980488101,0.8781089619846065
5,sub04,50,55.69175741601041,49.956734679083965,0.09169099711712932,0.06408542935523463,0.07458606352891324,-2.3893310821061973,-2.747538252045394,-2.5958016051910087,35.626751119487295,4.985119404646221,29.980371446740733,3.3129605239943425,35.20818318279718,3.151549121985886
6,sub04,75,81.56934286074036,74.74894810147666,0.25033424483105904,0.1777070962724007,0.13731043426280712,-1.3849582747566862,-1.727618610615492,-1.9855109730083162,91.22397103119624,12.764632582726659,70.80835315617816,7.824628830640154,73.47972586591575,6.577305177440642
7,sub04,90,85.16087301118654,83.06865930406387,0.21565765114482852,0.2124916323964077,0.1790955467123881,-1.5340630770610069,-1.5488526683510397,-1.7198358350353922,83.90713449454745,11.740814730878785,91.59279320346735,10.121399219636853,77.64125764190004,6.94981152764413
8,sub04,95,84.89727205625822,78.08834420059765,0.2097054839152869,0.1440962133634991,0.17038576095623612,-1.5620511901749659,-1.937274054160242,-1.769690230541862,85.06905193761321,11.903397537618515,68.3805122497547,7.55634192512905,88.35081331210209,7.908443519361766
9,sub04,100,91.90815064074583,89.25283762468514,0.306357228040442,0.28083180093281773,0.20503454345482763,-1.1830034460282834,-1.269999362057664,-1.5845768093813484,108.4840758707885,15.179775161220574,113.80243501697056,12.575660558956894,97.1948721333114,8.700091462911216
0,sub05,01,1.6929590052494947,1.8514292732394546,0.008964366259891283,0.014282575514653405,0.014037991883599651,-4.714497864898768,-4.248714980164272,-4.265987918847628,3.3221271597709943,0.6912985600581831,3.4787886254094813,0.5266982584033487,2.570059150782464,0.6174470052682011
1,sub05,05,5.6692155679955665,6.796164322777973,0.01824937550988856,0.014884976844935439,0.01380376349806188,-4.003624418175351,-4.207402840112823,-4.282814006748707,5.310747026025255,1.1051087436934877,3.5425413122238707,0.5363505922267988,2.4121836368041114,0.5795180092443416
2,sub05,10,12.60638953910167,10.93455418856129,0.020279106392480283,0.015834691001005236,0.014435407248150593,-3.8981641647171443,-4.145552112853842,-4.2380712537158045,7.117354554624007,1.4810441378090704,3.7608308402289348,0.5694002329517862,2.554357320659307,0.6136746998783342
3,sub05,15,14.70575368775594,15.992603259504481,0.034010042368184605,0.01710128093625495,0.015617662072270182,-3.3810994342071314,-4.068601909726108,-4.1593528210438535,9.835154410953551,2.0465887533067098,4.5388344029138015,0.6871921328403534,2.9383244427407553,0.7059213509246576
4,sub05,25,30.983606820667198,25.788129962343646,0.1050063687596139,0.030982498938786726,0.029575672222621755,-2.2537342758105794,-3.4743327842772675,-3.520803139955142,34.93591775056858,7.269784831759421,7.865207460613065,1.1908142510378337,5.616919259050411,1.3494436399559395
5,sub05,50,57.95498696789287,51.35652572472489,0.08621232624929483,0.04557964958631224,0.03517666608340572,-2.450942115603939,-3.0882939430767253,-3.347372311548152,26.156213443952403,5.442823775482823,12.562920751608154,1.902061088736728,6.971374894006795,1.6748464912163252
6,sub05,75,82.31952041763616,76.86428196530478,0.30730399984514983,0.2572813578463453,0.22718166287665642,-1.179917793838152,-1.35758501530667,-1.482005304561947,98.96047615198039,20.592599673774092,63.07691882537338,9.550020673320732,40.30396096071161,9.682874414801455
7,sub05,90,95.67691323815514,96.16033083596182,0.3050952690090607,0.4453996723596296,0.42874062564015025,-1.1871311937413875,-0.8087832597684139,-0.8469031451371678,85.73034016679841,17.83955214847686,121.07828275939099,18.331588241390488,78.00780369273029,18.741080244383408
8,sub05,95,96.4237663396791,98.59255871075122,0.30023428374201694,0.33527154985339086,0.38255395482944105,-1.2031921632987221,-1.0928144789357592,-0.9608855772857203,89.09988163594554,18.540717111060143,77.92213829534342,11.79762812590873,63.09672195996602,15.15874916908437
9,sub05,100,100.0,97.40478533774527,0.3051012744861088,0.35186480440714357,0.40026963427947626,-1.1871115099948562,-1.0445082555498324,-0.915616873269181,87.5026933853129,18.20835959290894,85.11280601901736,12.886315187592576,67.49903901606447,16.216389216669093
0,sub06,01,2.157688188929041,1.6803602197210388,0.012060529606737858,0.019295039289671287,0.011041489452485797,-4.417817174324098,-3.9479072477328354,-4.506095333058848,6.418349966322388,0.7820337969560283,10.192850390350353,0.7146970952202575,5.358669083200903,0.43948659491702263
1,sub06,05,5.231150333778512,5.381864466338235,0.030950022671277274,0.02017952221427361,0.01702746042834899,-3.475381547338803,-3.9030869405374746,-4.0729279188362915,15.377234281726013,1.8736150217921237,9.908569526174695,0.6947640342930224,8.248458438655419,0.6764901613133147
2,sub06,10,9.455349047545859,7.171291556908544,0.029071762718511238,0.018041355891060713,0.009912841771695251,-3.5379879292180125,-4.015088606913696,-4.613924213756007,15.2856382375408,1.8624546452785071,9.163427507224666,0.6425165455067341,4.901692334990309,0.40200804345040314
3,sub06,15,23.134545773776892,15.591312576266267,0.03804815993964243,0.017589178793500918,0.014767523725258937,-3.2689025548544883,-4.040471407308798,-4.215324852198162,21.327134483452717,2.598571291032749,10.269360695366258,0.7200618058414446,7.492368657076562,0.6144801139679095
4,sub06,25,32.55668742633214,25.007875830707352,0.08121893559749366,0.02721058125869071,0.02311567831167445,-2.5106068619872333,-3.6041493644639986,-3.767244176886007,38.845380249255136,4.733054503092489,14.810419532201,1.0384694578347078,12.656048299749651,1.0379748191205513
5,sub06,50,53.50718001494401,33.87645398878264,0.07923248777837966,0.04452121772960574,0.03111712399376799,-2.5353688650484925,-3.111789400531843,-3.4699970005953276,40.2702004073858,4.906659483202487,25.057274305782222,1.7569532049085828,16.598161496803048,1.3612838122400843
6,sub06,75,77.04700258341705,49.86603436830939,0.09558799341445211,0.04059675152461909,0.04903365723601239,-2.3477080587111407,-3.204067227284447,-3.0152483342996343,44.80523349770969,5.4592234857196855,21.309302909344805,1.494154854357068,24.36411454460299,1.9982017126125327
7,sub06,90,92.87786613059396,77.79835719503063,0.20712567543473484,0.21181316755403262,0.1593823730998471,-1.5744295422401968,-1.5520506779926506,-1.836449101552251,95.99437364059533,11.696284075887625,110.78934048482962,7.768270581194529,79.24190880420741,6.498956389052451
8,sub06,95,98.2338131091902,95.43487468376665,0.24266961529869055,0.380582960555168,0.2610500560330254,-1.4160543685712406,-0.9660510950771846,-1.3430431044807973,117.44335779589387,14.309701949302363,193.95944977397068,13.599949968382841,126.79237108481888,10.398766291468249
9,sub06,100,98.9001748936792,89.8311297535169,0.17303221754554587,0.2020806554829912,0.16534768072317743,-1.7542774732357784,-1.5990883767045398,-1.799704866122756,84.19275387843818,10.258334203839862,104.23666662291973,7.308813530842224,81.02978770041996,6.64558772530789
0,sub07,01,1.8678295409903622,5.905371008630024,0.02164612494180523,0.016355933627822873,0.01048027852630283,-3.8329288270753357,-4.113164534459186,-4.558260023505109,4.700311695637951,1.1493127805971,6.922007974391597,0.6581192304070519,4.571759784736421,0.6903523457546381
1,sub07,05,2.8962872076791824,5.5254637011966485,0.021558709178001848,0.015401216210492482,0.011569361894748163,-3.836975405883882,-4.173308797973587,-4.459394891004623,6.380061755454808,1.5600426080993655,6.9277361063552405,0.6586638402678799,5.1587882763776935,0.7789957818298175
2,sub07,10,8.637982197697557,10.805558726942888,0.03387177527725152,0.020936285904657178,0.0146271414875088,-3.3851731990810645,-3.8662714577213815,-4.224876470087201,7.881739770373366,1.9272305408675843,8.545563439725738,0.8124809528034759,6.427280922976851,0.9705427824128164
3,sub07,15,16.168403323461455,15.514073490090334,0.0508238413934496,0.016603584314355106,0.01349816956355998,-2.979389715724616,-4.098136684376046,-4.305201190615067,13.946183450117713,3.4100987163568455,7.335505741205559,0.6974330874666514,5.681865665656187,0.8579823689871828
4,sub07,25,35.80965727748024,24.854388149671113,0.08290300821657721,0.038237230995199864,0.016557703149358612,-2.4900839302064064,-3.2639456046341477,-4.1009038383548075,19.444459555764286,4.754528492223779,16.736418995897232,1.5912375758737787,7.205551250506247,1.0880644308675207
5,sub07,50,56.11950121980207,34.31229747601805,0.057774374739781684,0.040535353216709875,0.02741341083641712,-2.85120994521203,-3.205580766710693,-3.5967229387434565,14.036668443240371,3.4322239637408907,16.83551604977984,1.6006593617310192,12.707722544594635,1.9189122965623597
6,sub07,75,72.69641493345735,49.096906432320395,0.08690820805849878,0.0588457230254327,0.0366990782781452,-2.4429027971034154,-2.832836123780375,-3.3050036392739157,21.025576849496222,5.141140791785878,23.582317894578388,2.24212063340746,15.964648374647606,2.4107199357635016
7,sub07,90,100.0,88.8934663799613,0.3087526619096668,0.2145534581808023,0.1618585628651183,-1.1752147695073445,-1.5391963493766583,-1.821032393830075,70.0640937623798,17.13196137540987,90.99867844073476,8.651821905584983,66.16504618504966,9.991162482620783
8,sub07,95,95.92465650857021,94.33411369269767,0.3378255114072192,0.2502939231305684,0.12991721110568544,-1.085225755236239,-1.3851193591828461,-2.040857869042357,96.71442482471369,23.648458169762783,108.8941051595741,10.353253701615742,55.92229805985757,8.44447028352311
9,sub07,100,100.0,97.6236550480097,0.2969003977560293,0.2623668872094087,0.23271271727554219,-1.214358557516354,-1.3380114219124024,-1.4579505592194464,73.81621903478775,18.049425111693967,113.77630100345483,10.817435046589374,100.89183551906508,15.235033903272619
0,sub08,01,2.102838817427477,0.48133812669567033,0.0036590004077134723,0.005051210403793022,0.014491003901176813,-5.6105652815175056,-5.28812738049506,-4.234227242704612,1.7076912397484716,0.492815298975489,2.860629534399169,0.5312385208871598,6.886974504598115,0.7634159665849808
1,sub08,05,6.671027172459865,1.7226455024672058,0.004044525138873939,0.004909728419494619,0.014355201417862071,-5.510391129955318,-5.316536650417347,-4.243642934308516,1.7676494416309898,0.5101183795904122,2.9225117285673807,0.5427304686923052,6.827965969617756,0.7568749146704256
2,sub08,10,9.127068511970805,0.6136162645231584,0.004241679597049996,0.005300305508453274,0.015122769546453505,-5.462795956797875,-5.23999081698097,-4.191553753942781,1.7828355695834155,0.5145008791974589,3.2329209328172728,0.6003755865072927,7.201994594822997,0.7983357076864108
3,sub08,15,11.834180926790872,4.047994481500719,0.018206003396143755,0.007227543605143638,0.015487753797962477,-4.0060038823592485,-4.929856050865596,-4.167705644883505,6.689155149961019,1.9303946277823743,4.626817494730662,0.8592317364967023,7.230866656408745,0.801536154092604
4,sub08,25,19.97308256326642,14.52509774824237,0.021986250390690132,0.02001537034841291,0.020619469674582794,-3.817338003247991,-3.9112547831658,-3.8815195197064676,7.951983868338175,2.2948289575465397,14.358673679455384,2.6665041647825216,9.328756598430598,1.034085683179467
5,sub08,50,44.28100065877661,23.62569907150073,0.04513437016653252,0.024523832408254037,0.023185158932242284,-3.0981112347653523,-3.708109882890153,-3.7642429062024374,18.99587443316271,5.481938022624508,15.005810558116528,2.7866819207965263,9.863838280864194,1.0933990869860635
6,sub08,75,66.62414678424753,49.10640141014667,0.053370244398762215,0.0414526117882267,0.0539285022423745,-2.9305019093182656,-3.1832043888134987,-2.920096142272051,20.05439736013964,5.787412619312946,24.381496429259524,4.527811079464314,23.77968192012137,2.6359599336417463
7,sub08,90,88.9617482785692,72.80341291216646,0.15360231028275068,0.11297319461180665,0.15334176222880447,-1.8733884174783537,-2.1806047042346406,-1.8750861086205388,63.31782921889047,18.272621074979895,65.41505856304852,12.148024949368263,70.46307674371658,7.810779291391483
8,sub08,95,100.0,104.65237661542778,0.29239037667755297,0.2145052448959437,0.2878881679083879,-1.2296654631475858,-1.5394210891836628,-1.245183180130092,111.65406456444788,32.221768156555996,124.24635547733524,23.073400213377525,127.31560383438763,14.112839345882152
9,sub08,100,97.06533685063043,95.96711563784206,0.38682644165883445,0.19776584519157492,0.22998081539406084,-0.9497791577114275,-1.6206715481533782,-1.4697593848680304,152.89500338888976,44.123314011994566,118.51214230158884,22.008517505112053,113.36513740826986,12.566440589229938
0,sub09,01,-1.1167754367150673,1.0019001154886937,0.012267884313276798,0.040379405034772706,0.017235361930584392,-4.400770462732469,-3.2094354003621928,-4.06079207949,5.282269662558196,0.8836935090193584,20.86418818700169,1.6609596581765405,10.807240920637975,0.9915899055388179
1,sub09,05,2.6217529569594666,5.953565695978961,0.012263218616989553,0.03317077769372663,0.016374594938092374,-4.40115085299513,-3.406085980602314,-4.112024234371822,4.0731289460787705,0.6814111813643166,15.899119962415966,1.2656997061852704,11.06247882428613,1.0150085866459526
2,sub09,10,4.498251600635772,9.182771969623905,0.021766357584234203,0.051550540036527016,0.02109628862587045,-3.8273897312741525,-2.965192592598735,-3.858658148479879,6.401416715410344,1.0709204113590287,23.78647972312419,1.8935979140926813,13.388560386496021,1.2284320694280073
3,sub09,15,15.863486126285775,12.078419164839339,0.04044432663748074,0.06008465395831273,0.019410674659773877,-3.2078289014954002,-2.8120008118380424,-3.9419321240449525,13.603802215097366,2.2758383201592687,28.772537280310463,2.290528788258784,11.678488661256676,1.0715289455921608
4,sub09,25,37.33144728137727,47.80631390759864,0.11800307795813557,0.08979127519470465,0.04885055970154428,-2.137044570465685,-2.41026746658229,-3.0189894430043402,40.93681463748763,6.8484950004534015,44.61080457096146,3.551384125135843,31.75283297189241,2.913397496956141
5,sub09,50,51.51590822418663,56.92502529233955,0.1491769210990608,0.08165545907749928,0.06384070755578054,-1.902622287499979,-2.505246602308935,-2.7513642426347635,42.0385062456796,7.03280170671664,38.93949381613407,3.09990150389398,36.279697886176116,3.3287480555033806
6,sub09,75,71.3362885265849,74.30355111802788,0.11626551952429967,0.14410795196950887,0.07823985443597889,-2.1518787421408767,-1.937192593810752,-2.5479761137381485,36.67209579354269,6.13503192474183,71.70303859793756,5.708147061003117,52.155199132684906,4.785362828599209
7,sub09,90,78.9261020730722,86.25265635154476,0.2094704739978245,0.11457874936104721,0.06610233498565082,-1.563172485123539,-2.1664929250460254,-2.7165512077007437,65.43521983628703,10.946938101334492,60.814425587786324,4.841324600370565,40.374782921798996,3.7044817893458766
8,sub09,95,85.39468512912424,102.8292535311149,0.3000272493961653,0.23689557503657985,0.1578666562712977,-1.2038819771302995,-1.4401358466048466,-1.8460045499294964,86.93884056565555,14.54437088551275,116.70969071596902,9.29104388150858,91.84571898379784,8.42706186343745
9,sub09,100,87.45479179110178,96.04526891646674,0.19668628200468224,0.13114077334964208,0.14710297799271468,-1.6261452967172267,-2.0314839270339458,-1.9166224068977171,55.9160079955241,9.354428393946993,61.2762604503332,4.8780904245931325,87.79770109410585,8.055646651512834
0,sub10,01,-0.9339297757093634,0.5979902850770302,0.01645222276809848,0.016068575175824776,0.0053850626662863745,-4.107294688218245,-4.130889766771234,-5.2241263312481125,13.788861102614177,1.0107684170381572,25.318780778771316,0.7806266988571605,7.76911417945837,0.33105314742347614
1,sub10,05,0.8886852615101581,5.0320717073099885,0.016766445216620476,0.017356065886249196,0.00746185822331731,-4.088375698388011,-4.053813214887693,-4.8979508041871345,12.964635467325841,0.9503499941921459,27.202750561146082,0.8387131100794162,9.743617327809003,0.41518957105686016
2,sub10,10,5.185349798039041,8.5595424988352,0.019957302932138404,0.01669898108769937,0.006772192352916782,-3.914160140869201,-4.092407574133391,-4.994930410962722,15.231151519501418,1.116493000869815,26.60019182857915,0.8201350656474479,9.60388574656226,0.4092354070817056
3,sub10,15,9.693164266480448,14.111541322672283,0.017309176892177827,0.021585995295005697,0.007512542375770637,-4.056518461925307,-3.83571054054409,-4.891181338435137,14.232094045112678,1.0432588349439142,33.770658237412896,1.0412143336778923,11.045839310753825,0.4706791257396539
4,sub10,25,21.785408095015768,24.545480599767235,0.06277482529530266,0.020402190246891827,0.00988924641122613,-2.768201156972187,-3.892113018851463,-4.6163073332955396,49.26153130743235,3.6110306463997337,31.075563593158794,0.9581193831889774,13.608913119875044,0.5798953931272202
5,sub10,50,41.94364786366378,48.584538981741844,0.07254737144868227,0.02901704463184243,0.01655475459988554,-2.623515531201716,-3.5398718757250505,-4.101081931415926,57.80484023286731,4.23728300869184,41.42536227627509,1.2772235790202167,22.38370666518812,0.9538019871180445
6,sub10,75,53.5974186744474,71.84102338407826,0.04532705290640521,0.0353039252679286,0.03167982053438393,-3.093851230340882,-3.3437611238331124,-3.45207537700196,37.796054047553184,2.7705738302557266,58.66454367974848,1.8087406922485358,45.1562213610873,1.9241716445440815
7,sub10,90,65.36878093348379,88.55372933005955,0.15659689934875548,0.0663557007573598,0.07615970727384404,-1.8540802954378295,-2.7127256024168704,-2.574922732074638,132.97477204018585,9.747483772650869,97.65269813873762,3.0108204675658508,98.7119611513707,4.206258869757454
8,sub10,95,82.51241497706744,103.81374576846954,0.1036636377973193,0.06712247905609064,0.0634037893040272,-2.266603873287052,-2.7012362828197567,-2.7582316511226828,84.25733111552185,6.17633672293282,97.49852978126106,3.006067160642554,85.55995302956447,3.6458328568182785
9,sub10,100,82.745204298014,99.33068151307303,0.09798440258994415,0.042513173943357525,0.028705882658369514,-2.3229469702238914,-3.157941275946309,-3.5506532065452845,84.04278979604342,6.160610145642301,67.73414480210317,2.088373935490295,36.584335833980944,1.5589112535196654
0,sub11,01,3.3377411715634686,1.8764497750086624,0.01891496726720242,0.015264228146864709,0.007772845334355804,-3.9678017514192647,-4.18224321765935,-4.857118986737781,4.401964570512583,0.9499597663849317,3.6083448060150376,0.7571228918214964,2.7680266117967256,0.34098762880282235
1,sub11,05,4.823098959629513,6.008005010588595,0.027404950763442074,0.014370724824418799,0.009306287116927846,-3.5970315971124887,-4.242562140050612,-4.677065073152766,6.501659539889385,1.4030814829816967,3.1930842094034384,0.6699906135419956,3.009595321086777,0.370745992043523
2,sub11,10,8.640955723512212,7.6183067166465,0.018053864240132663,0.014811454544069182,0.012174213690602282,-4.014395531790331,-4.2123544418809695,-4.40843519603322,4.389297043051625,0.9472260684564896,2.9792988485217933,0.6251329850830984,4.116987163348799,0.5071633649254302
3,sub11,15,18.6199589753304,15.380714355347452,0.04559755942572836,0.02314969460358052,0.01634278298224803,-3.0879010852597224,-3.765773690606866,-4.113968886901557,12.58868612549931,2.716683685048385,4.535772063428133,0.9517208154778409,5.356634506031237,0.6598730267948393
4,sub11,25,33.911626150780826,26.42583294153819,0.07408741167532203,0.03526648462065491,0.046142557952134025,-2.6025096440359636,-3.3448222102245815,-3.0760195888452944,17.726899662058017,3.8255286229477434,7.620286075052937,1.5989306288117289,14.350723050681797,1.767836697741021
5,sub11,50,62.73969224414066,50.04344089894624,0.14182029684256525,0.08704258974200073,0.087444194062804,-1.9531945380146591,-2.441357742847453,-2.436754471227497,39.57337347323826,8.540076144984415,20.667443377662885,4.336557435023561,30.520483256372916,3.759756922550535
6,sub11,75,82.38563617740883,69.70884799903284,0.18631939662504915,0.17575809595056158,0.19290943740418476,-1.6802928917912374,-1.738646684199774,-1.6455344364507782,49.65772180942798,10.716314739398081,39.406401479805886,8.268469408725677,66.24596136445625,8.16070668799198
7,sub11,90,89.01545856518553,76.30246024246095,0.23698143635913527,0.20303810298411246,0.2306494820335599,-1.4397734685133579,-1.5943616181245581,-1.4668561146623382,60.519780347706366,13.060385988994907,45.79699180787507,9.609378465301592,83.05658246284013,10.231573276705818
8,sub11,95,91.52063210994474,81.7090478954086,0.30544402703271145,0.18530374321510923,0.18270934795998436,-1.185988734725742,-1.6857589450577863,-1.6998586512804672,78.72189580258357,16.988467887031,40.799387794141126,8.560753512179197,62.36933319535702,7.683152663945463
9,sub11,100,96.83720053821457,96.17449005591293,0.372988651414541,0.26477590703789783,0.33043941768667795,-0.9862072849632646,-1.3288714445651444,-1.1073319415255614,96.00926922987132,20.71914516971596,58.338964806602476,12.241004702936722,117.01657338147902,14.415036227589633
0,sub12,01,0.3052289361051952,2.185422609185896,0.006076364604054122,0.009660706622214325,0.005578043853833517,-5.10334868879846,-4.639688484135441,-5.1889171278799004,14.736009308298604,0.4045504823736768,13.938244900247538,0.6180976926256171,8.403683277083525,0.6424652563463288
1,sub12,05,5.105995397846696,10.18075030249595,0.018060495852196243,0.010586745234222171,0.00790680696011395,-4.014028275545383,-4.548152509930257,-4.840031249987505,46.806429705846604,1.2849858682585287,16.470886300612687,0.7304088061852598,13.535761070881575,1.034814844814642
2,sub12,10,9.731026604937853,17.78244855853102,0.017271595720157948,0.014678926684473159,0.00619956218907484,-4.058691992704181,-4.221342372605442,-5.0832766040897726,39.15994288205078,1.0750654027978752,21.87476419160451,0.9700461837429832,11.051608394315378,0.8449002878839098
3,sub12,15,16.81808763222441,27.871852876116566,0.02480091235349878,0.018311994522479294,0.01260695097582216,-3.6968748380403476,-4.000198995453842,-4.373506952387971,57.31528510840354,1.5734874858508485,28.242566539665987,1.2524292216793367,22.34787104986323,1.708504500877369
4,sub12,25,22.618214705592987,36.39908409856721,0.03286659278935022,0.018792538331728264,0.01494625860005686,-3.415298553832716,-3.97429538517929,-4.203294271331679,82.04108587531917,2.2522896240727643,28.24950787412656,1.2527370382548475,25.64995510434123,1.960950268832773
5,sub12,50,53.36453458695769,79.16290119627948,0.057497696583110026,0.029877915849291045,0.0317445159226101,-2.856010391405406,-3.510635671843284,-3.450035295409362,124.53580626250297,3.4189053116245116,44.853387410672916,1.9890434888604571,51.451068461076574,3.9334566520705314
6,sub12,75,69.60252721869145,94.00863292693047,0.06678951773703962,0.03609697394479823,0.03114931530799401,-2.706209130856982,-3.3215462414005663,-3.4689630144719823,151.9161136313287,4.170582127365943,50.98321040681794,2.260873226193699,50.11655508639831,3.8314325218063288
7,sub12,90,87.80708998873932,109.77328603982029,0.1193405126271804,0.10355180985064073,0.09182357720044881,-2.125774421378905,-2.267683213257158,-2.3878861820825503,266.3784173221705,7.312937645942819,169.56988669203255,7.519652327336512,147.24345533813622,11.256826460499965
8,sub12,95,93.12886735640129,124.98740673697012,0.07627301232925983,0.05232061418734493,0.06670962177123789,-2.5734361079879156,-2.950364832847338,-2.707406082022883,173.51596834691398,4.763567070682342,74.36095422652296,3.297569712527917,106.45907103433296,8.13884247029851
9,sub12,100,98.35716014060242,144.2695444939067,0.1312691779216279,0.054913532885789984,0.047426910036590456,-2.0305052706864086,-2.9019954601910336,-3.0485654890835003,314.43446665623924,8.632229560893121,78.05687396823167,3.4614669234629214,74.75290927445768,5.714892557958902
0,sub13,01,1.0850944558754572,1.047729846267735,0.011994795620283058,0.033181825430467264,0.015952278947553522,-4.423282421578195,-3.4057529797456016,-4.138153579233403,6.232570353814205,0.6738909455839608,21.749091196091104,1.3145826012466246,14.23626081637547,0.9811119621969703
1,sub13,05,6.603952374999567,4.956015095239217,0.014166365437394834,0.021850474568516676,0.01493718873080079,-4.2568847551886595,-3.823532638293486,-4.2039012876129105,6.475640334402982,0.7001726640023983,16.410048295368302,0.9918742709849474,13.059431503738677,0.9000091128614272
2,sub13,10,10.364062373377624,8.89373011706909,0.027925841519012246,0.022639640957220698,0.014214093854916931,-3.5782027995118173,-3.7880528845529113,-4.253521281608032,13.667487757411568,1.4777845617037786,14.408463405787804,0.8708922654824107,16.043249696862286,1.1056431455652371
3,sub13,15,17.053592727869127,14.820187921070005,0.01741784859023492,0.03429513527950661,0.027820838360670806,-4.050259817467541,-3.372751763454681,-3.581969957762218,7.811981337866154,0.8446633077213735,20.278293818878375,1.2256830410484258,24.06657445423508,1.6585818699664454
4,sub13,25,26.13732450604287,26.293107919311886,0.041225088914097194,0.03403783814085602,0.0353209940893311,-3.1887082537383833,-3.380282486669327,-3.3432777584178974,19.576205314524508,2.1166592210671653,18.74626621520942,1.1330825358477885,31.88235227827031,2.197217205181319
5,sub13,50,53.08182108463186,50.54026199874858,0.049471202399582574,0.0626469385658882,0.049304131463012844,-3.006364548406553,-2.7702404645022107,-3.009747398949536,25.678351901983156,2.7764482166936446,36.5704871433259,2.210433791659762,45.75869722605873,3.1535250584475865
6,sub13,75,78.2911614870623,75.94155312643193,0.10162624887291331,0.10010787034425223,0.1118923686943254,-2.2864534221573147,-2.301506970934027,-2.1902178635382934,52.276038899975994,5.652298696336371,61.032568520771314,3.688997943105702,103.20553159768589,7.112554547955148
7,sub13,90,86.6600269567109,81.96126393212327,0.15810091454392977,0.10867889765239702,0.10670206284656342,-1.8445217501918552,-2.219357637533979,-2.237714787716388,75.01961125533833,8.111426569820019,63.80805486137769,3.856756955216266,99.89594607206146,6.8844698007742675
8,sub13,95,87.42644134001809,89.30601986822163,0.20624178920188949,0.13785218718158687,0.1470082964875026,-1.5787060644900157,-1.9815732752501933,-1.9172662551055097,97.43435949811267,10.53500063811844,82.11222739548853,4.963117976309557,133.37808168896396,9.191938327612325
9,sub13,100,93.0851951962231,100.88603259157075,0.2105586391462986,0.14781922413065507,0.1712299087701802,-1.5579910938870682,-1.9117652103832175,-1.7647481297724976,104.3745592219083,11.285403359452822,86.53331851931965,5.230342451002036,149.79976529180294,10.323661778732768
0,sub14,01,1.609629643421484,3.1384992553599624,0.008737992660577848,0.01785643775937564,0.018602885756108484,-4.740074788396271,-4.025391176989685,-3.98443856211934,8.18212954662868,0.3787750511639046,13.572147584402245,0.9068623020120375,10.795711475589078,0.7245280924170854
1,sub14,05,4.813101566254652,4.813075987679539,0.01623182953233913,0.01744305117868073,0.016888496398640932,-4.120781178464291,-4.048813922897773,-4.081122575296278,17.152131093352025,0.7940230346427746,13.828988073343076,0.9240238422621937,10.030508840840383,0.6731733663741919
2,sub14,10,6.1695044070460225,9.552759455097894,0.026491894886841942,0.018462768018523902,0.018630615296946797,-3.6309164460993477,-3.991999114316053,-3.9829490677027115,23.038889470791958,1.0665385445595164,13.996822055245083,0.9352381552688119,11.243995594319728,0.7546135979568739
3,sub14,15,11.947183662405935,15.17856403027997,0.04221496095359158,0.031681652680942134,0.022759641126355215,-3.1649805958026724,-3.4520175454375805,-3.782766437583151,37.407012504517525,1.7316815866262463,24.684362911082186,1.6493571141954588,14.039451292602198,0.9422238531116924
4,sub14,25,23.447409105235618,24.98621079893862,0.03587592862084923,0.02405626565197855,0.023704009208048323,-3.3276887203356393,-3.727359790291596,-3.7421110802512656,29.89902607427223,1.384114620343511,18.368514917268904,1.2273454601658444,14.898648756600203,0.9998868150209355
5,sub14,50,43.81476136148862,47.14942167768115,0.057043633474163545,0.05763344028785914,0.054324747137280104,-2.863938804446197,-2.853652319187262,-2.912775407479467,48.88851468804358,2.2631943856133345,42.35833874419818,2.8302949363087895,32.25749743768544,2.164884003941942
6,sub14,75,69.34821869037779,59.51703585338866,0.07068870095102181,0.05388269546614817,0.05142924808517734,-2.6494695356689086,-2.9209459014799313,-2.9675482394620682,61.78008642875871,2.8599834877468355,46.54288627041048,3.1098975842243513,29.379975106129248,1.9717660449742387
7,sub14,90,85.49968004503492,73.73594943895633,0.12189346836486861,0.0919554602494649,0.11017670336335758,-2.1046078258429537,-2.3864509468839676,-2.2056698078484565,97.20703720598051,4.500002142639968,69.26648769879155,4.62824074791264,71.95747287931424,4.829251937520764
8,sub14,95,84.5507641245901,78.45296555003998,0.07996979384086214,0.093090131605828,0.08717581983423058,-2.526106292597618,-2.374187098106451,-2.4398282819997106,61.39567739692262,2.8421880532121215,66.79655743400879,4.463205212320301,52.905807967020365,3.5506454772160634
9,sub14,100,92.49463026837219,86.74488401614916,0.130561378636664,0.08439763092322997,0.10913757812584342,-2.035911828411367,-2.4722159474041616,-2.215146007997629,108.11504821952707,5.004966333955531,65.91312472629262,4.404176100382783,67.2020060387195,4.510100270086933
0,sub15,01,-1.9517952892197377,1.6879340368074884,0.01289889095350041,0.020182650585945695,0.012577152807809815,-4.350613943907233,-3.9029319255092285,-4.375873380208799,5.836671279108231,0.5751693314902477,6.444351095708724,0.7328987389148844,4.864983498537341,0.552512049712919
1,sub15,05,0.6377780022854163,5.732481403315673,0.04167636767494298,0.019410616517470346,0.01310802218157342,-3.1778210332486614,-3.9419351194272165,-4.334530855930536,16.20958958180853,1.5973588981911233,6.637409311124803,0.7548547311496684,5.050541037190653,0.573585661997904
2,sub15,10,6.288884655499205,11.006850550469414,0.03980793279615715,0.038196476758304725,0.02064870384639818,-3.223689070066276,-3.2650119990811817,-3.880102729273973,18.076344056271566,1.7813164780837123,13.165855614623093,1.4973173921449,7.7896961786246,0.8846691882072651
3,sub15,15,10.326395212550732,15.238671788908846,0.029319296355276313,0.037990828434095854,0.020245064853981507,-3.5295094010485135,-3.2704105053845165,-3.8998442260464135,13.064903091843687,1.2874686988486235,13.012231538984576,1.4798461386966812,8.23158011242664,0.9348535717871016
4,sub15,25,21.90188401719684,26.32333865941712,0.04389941664588634,0.04232234732148609,0.032820575468670794,-3.125854247237904,-3.1624400269616246,-3.416699659388879,20.727843816436355,2.0426060507823385,15.645246930171119,1.779291906173426,12.230099720118563,1.3889620523045312
5,sub15,50,49.737036376015276,51.09910984079883,0.2740660971598151,0.09467118639549378,0.08352729464298574,-1.294385971175194,-2.35734558701436,-2.4825818185876676,133.3647116871214,13.142301218853488,32.43983817329934,3.6892956536222563,35.56070015788302,4.038598556267572
6,sub15,75,76.69177554886173,72.38849532161785,0.16457254732307175,0.11845167293477775,0.13140621356454354,-1.8044037888346658,-2.133250224924713,-2.029461886648244,77.92305031175081,7.678854369598559,39.34225043074313,4.47428845799007,50.1662145576697,5.697334439043713
7,sub15,90,87.31100965598395,91.64422428917852,0.34825947917525724,0.2677471409855251,0.16653827736390306,-1.054807447237511,-1.317712247636498,-1.7925301019057367,165.64542652854283,16.323374177652095,86.26832153362831,9.811064468911688,65.88495903172638,7.482498917173136
8,sub15,95,93.31844965809654,96.0356934438329,0.1834245327679359,0.19590021801083699,0.1924295175715235,-1.6959519616502223,-1.6301498411642827,-1.6480253347864164,105.2742801931805,10.3741558272372,75.62919908998373,8.601105652840909,72.09272482936376,8.187509613719502
9,sub15,100,94.27565942400662,98.28509261780826,0.20552068154806924,0.1997052524825828,0.1452562532847165,-1.5822086099731365,-1.610912737040543,-1.9292558323026978,93.81793797003176,9.245201260034175,71.55722232410126,8.138010673643818,53.47677537603674,6.073312023346966
0,sub16,01,-1.1453212255607248,1.4374537063394186,0.005992025004622088,0.009970760721162854,0.010484191820432736,-5.117325859774909,-4.6080983968998215,-4.557886697195344,2.852220267375319,0.46530182152730254,7.986156088353397,0.4023066889919385,9.408213560170935,0.7264488005678503
1,sub16,05,2.610103042245737,2.7393156277015023,0.016390932313982948,0.012338009487435122,0.011721294383022047,-4.11102700474577,-4.3950705792344475,-4.4463480586941895,7.100966214245092,1.1584282433882915,9.017557447161293,0.4542640588571379,10.54542173749847,0.8142575552407756
2,sub16,10,8.697563610233106,7.273859114844121,0.019903633724430134,0.012341500979869833,0.015430147365463527,-3.9168529647033035,-4.394787632580167,-4.171432062071759,8.402794036655823,1.370804147175012,10.5641656236711,0.5321752351196355,13.643761847429566,1.0534937760403607
3,sub16,15,16.232869343321255,12.58431360578503,0.024127712020215842,0.012142146006108537,0.01356347192671441,-3.7243942227294844,-4.41107273746491,-4.300374987449895,10.370351101011623,1.6917849271223258,9.066724913390527,0.4567408950629381,11.828749063193039,0.9133488004090907
4,sub16,25,27.980310706152643,21.841305334115294,0.036678294911293055,0.020330903062593816,0.0182904525310483,-3.3055701181898147,-3.8956132321319803,-4.001376074892641,15.050579368517242,2.455301953820241,14.782830600159011,0.7446926364677273,16.62293419359052,1.283528539145187
5,sub16,50,49.64923996776031,38.818462356080744,0.054827459097519994,0.026265245272499727,0.031187865539144547,-2.9035641321041408,-3.639508686241755,-3.467726184845073,24.295094763283046,3.963421751412189,22.343053162697192,1.125542706705209,29.686637113673697,2.2922334602839802
6,sub16,75,69.40980040265924,68.22325876902549,0.14629807301676614,0.06247090164044188,0.07121100276347371,-1.9221091424934784,-2.773054404405822,-2.6421079393083757,69.31663768517909,11.308087999368299,49.57478331494515,2.497355011882886,63.7478085046122,4.922243604572594
7,sub16,90,72.4476624728164,78.92766723581128,0.21512744055505095,0.09342260091182646,0.10938153775863882,-1.5365246796917713,-2.3706219832357167,-2.2129131622974714,98.22871730873497,16.02470945629476,82.22813055327475,4.1422840449021985,107.34835051691695,8.28882975255662
8,sub16,95,84.38914053962921,85.61716979679392,0.23015335630524036,0.11616962358452637,0.14289477165816572,-1.4690094257044704,-2.1527038836743957,-1.945646782132266,97.11046590745937,15.842281605300695,90.56419247293236,4.562217418733951,135.23238741497855,10.441876665239425
9,sub16,100,86.13495168670043,85.28021437603796,0.13768144764090567,0.06692683414874248,0.08142400460635858,-1.982812612601114,-2.704155283918499,-2.50808515256317,67.42088325603177,10.998820864869453,54.715818764585066,2.7563372965831663,77.15740177433214,5.957656213415817
0,sub17,01,2.5490153125422244,0.7390563093391431,0.011055427403724402,0.002246016841520155,0.005111738393547949,-4.504833803843911,-6.098596924243351,-5.276215738187445,4.96058796049529,0.48000130113638234,1.2112647798985972,0.07520037917436843,1.9849894765126996,0.17910932420162692
1,sub17,05,8.690955080880025,4.524628174164417,0.027119804705022427,0.002301083765900202,0.010405982837437518,-3.6074910170781114,-6.074375064462795,-4.565374365410261,11.018127394828703,1.066146901883813,1.2661982069437872,0.0786108758813656,4.298105045692886,0.387826081291938
2,sub17,10,21.973133447069813,10.049522436706361,0.02872725845545218,0.003209606427939447,0.00853502223903726,-3.5499088349975985,-5.741606957475755,-4.763577317110861,12.294727909024854,1.1896745789909327,1.6145996682114458,0.10024109449832672,3.361327424750491,0.3032988792087451
3,sub17,15,27.885828009541747,15.060122711471521,0.039934939858946396,0.001972529837102077,0.015090854918137109,-3.2205036525874657,-6.228438378817673,-4.193666353192406,16.764562844464912,1.6221891522557246,1.0212208256710484,0.06340165633946161,6.423239724397072,0.5795809699923331
4,sub17,25,51.912968104366506,25.389852893237958,0.03834507534712831,0.002627792172258545,0.025895161461537804,-3.261129172788022,-5.941611263580326,-3.6536991438857984,18.336466621865117,1.7742912547528564,1.3448948822164086,0.0834966943402815,12.799945298070242,1.1549630762692287
5,sub17,50,78.9841334627116,41.76109775585104,0.07333929077822773,0.003551954347422983,0.05249453939500619,-2.6126587867125797,-5.6402573065747355,-2.9470461263178245,30.756662587575168,2.976106497499691,1.8672423499977417,0.11592620792790179,21.82691106169466,1.9694831312341892
6,sub17,75,85.1459397274483,46.07380285189499,0.09610076808979562,0.0005369403791600208,0.08376810549675058,-2.342357970428095,-7.529623495392,-2.4797029466057507,41.62456442290085,4.02771712574021,0.30338731299547944,0.018835552186915593,35.76282302862358,3.226946611048278
7,sub17,90,96.28610411821127,73.7726016910515,0.17968084596206382,0.0004245276049640974,0.10545683730392738,-1.7165730798437828,-7.764533524965358,-2.249453534861773,70.84906178483551,6.855566741652434,0.2462824252329391,0.015290242124476317,45.13776983707262,4.072865648481907
8,sub17,95,96.53775021281248,95.91127803296234,0.2334433613050777,0.00048033517883302036,0.17927978800112704,-1.4548157953005412,-7.6410264085173685,-1.7188076319916872,104.55184793552183,10.116748950915277,0.27145112875927807,0.016852820414473658,71.597282110079,6.46035707752904
9,sub17,100,100.0,90.9718222773051,0.3943316912893359,0.22520956356629063,0.18576544109963314,-0.9305628677819604,-1.4907239166276656,-1.6832704704428323,167.72019120471612,16.229106437832108,130.26287004109915,8.087263315170617,76.36437980287184,6.890501245174353
0,sub18,01,0.7279050791599406,2.3764515853577994,0.008252076561836885,0.016279772137466203,0.016751735896575512,-4.797290405842725,-4.117831914975829,-4.089253390464413,11.628863270650571,0.4475922004992956,49.987894181895506,0.6582831066046344,49.918932675502525,0.7167360858619239
1,sub18,05,2.9331839795038617,5.516835035754319,0.029187090915475004,0.022046823619553166,0.02101085556684821,-3.5340287593951394,-3.814586741000993,-3.86271604306723,40.38678843585391,1.554477947361063,64.42924278159026,0.8484590677118455,58.67268997398249,0.8424225420103901
2,sub18,10,6.816148466464811,11.928721635001125,0.02242309019157968,0.019547616655820773,0.017774749184178977,-3.797664038919045,-3.934901910170609,-4.029976413987101,34.90340339649014,1.3434237523953292,57.78499501744441,0.7609619620462719,54.34987514211319,0.780355562280666
3,sub18,15,16.640866811860423,17.427338386633444,0.02468454240930023,0.02150892813334766,0.018111880924696667,-3.7015780446397955,-3.8392871680297587,-4.011187151370307,39.36788506084069,1.5152605971262096,64.38722097592387,0.8479056888341807,53.07088354197457,0.7619917995918155
4,sub18,25,30.274034155237885,28.749991327013213,0.038411245107159486,0.03437372481276271,0.02686915257575417,-3.2594050209258314,-3.3704628200394824,-3.6167763947845515,56.271356860522104,2.1658712340224437,98.40534849846469,1.2958853253622828,73.82865480290258,1.0600319003585512
5,sub18,50,60.59490980818977,53.20991011711739,0.06982884016724732,0.04369959367537529,0.026204880996519856,-2.6617081716385114,-3.1304164749701515,-3.641809587989231,115.42623765220065,4.442728623054214,131.39840329012245,1.7303659323188256,78.25113848311855,1.1235299255136801
6,sub18,75,76.84049225178624,78.74266246437895,0.10339730301961379,0.046543923688117106,0.07682293727455916,-2.2691764002304335,-3.0673588167949806,-2.5662520209901,157.24440608335684,6.052300048336286,143.34363961420132,1.8876709639716514,207.79274226602138,2.9834884036964127
7,sub18,90,83.69031991774978,97.89671651310007,0.14628858225196503,0.06277625461671359,0.06947398860980192,-1.9221740173921351,-2.768178388208876,-2.666802861073035,239.63295093299934,9.223415679066663,186.3226115819527,2.453654621587933,201.72098780887308,2.896310147057388
8,sub18,95,87.13948699314801,104.45447150369206,0.17079515011427315,0.055441994864578605,0.07288180137265363,-1.7672903931463133,-2.8924179423420213,-2.6189163093675396,275.1820958196264,10.591693868890415,160.15981790460933,2.109120702301225,210.19188926929567,3.017935358796838
9,sub18,100,99.58861610902908,136.15856695266802,0.23589928090393883,0.08305054310275564,0.11424862709977766,-1.4443503408820184,-2.488305903476959,-2.169378265912166,391.13669300612116,15.054758925618794,242.6249635522709,3.1950918789627787,335.0936438992207,4.811274878146602
0,sub19,01,1.2730148449389689,2.4185145856462804,0.02300141154602513,0.008691899861298555,0.007234700714628975,-3.772199693369835,-4.745363737443716,-4.928866286080634,9.112760910336105,1.67037442532926,4.573700337079665,0.7638506948803477,3.3127928397196653,0.376007019456337
1,sub19,05,2.7424529961288746,5.440990242059805,0.024650554333570808,0.009111851752666114,0.008823672932904415,-3.7029558905689783,-4.698179322431182,-4.730317063345216,10.444290144616009,1.9144445157665797,4.385401120998921,0.7324029662474443,4.083473718296543,0.46348046984275026
2,sub19,10,9.861596381436966,10.855838549766666,0.05842077431378432,0.01637473245437361,0.014542831987803331,-2.840083727851832,-4.1120158362585055,-4.230657053641352,22.98164460248797,4.212548949074346,8.091317321861313,1.3513256014379558,7.403237708942713,0.8402787255184572
3,sub19,15,21.621393902488116,16.549860696109185,0.0581410150457378,0.02492064939808902,0.01421476407629366,-2.8448839253567866,-3.6920585260890593,-4.253474130830574,23.336709783590294,4.277632605243302,14.160223022891799,2.3648895639286396,7.397771020221178,0.8396582480446366
4,sub19,25,36.158141218386795,25.483018144129076,0.0772816704426277,0.023877904992116762,0.018437218997724856,-2.5602984738530523,-3.734801724954671,-3.9933838857996045,31.318038206383825,5.74061479129696,11.964282070256454,1.9981469050386316,9.181695712898,1.0421364104535893
5,sub19,50,47.641913346471966,35.107240045288016,0.12136347051194094,0.04870384334639484,0.032892133772271244,-2.1089653475153685,-3.0219973331903764,-3.4145217448663367,49.42339501991315,9.059337325592532,23.98803207890474,4.006225511482238,16.046191913711077,1.8212671564484073
6,sub19,75,76.06125581073502,51.65744437150484,0.12123095286408679,0.07718744919837567,0.07087243955360924,-2.110057851285164,-2.561518410318753,-2.6468736438145246,47.440407204543675,8.695854494744228,41.11467515591833,6.866534943931322,36.862706179787494,4.183973146032731
7,sub19,90,92.60739591673303,81.39284702079448,0.26715007110560823,0.22481307100621692,0.1857148373936137,-1.319944714414783,-1.4924860176075097,-1.6835429140112377,134.62248893591902,24.676381264175685,117.16290751551315,19.56730037479231,101.31332873406254,11.49921670674661
8,sub19,95,96.18524657523044,76.52396833534073,0.140059115715131,0.15023855628416855,0.14433214237315892,-1.9656906903893543,-1.8955308729655291,-1.935638091137974,60.603300632833054,11.108620588608336,76.86226956105628,12.83671725021254,74.03084570134824,8.402613440311432
9,sub19,100,100.0,91.9892931279345,0.22830905405129026,0.22252111885571757,0.1971293413052613,-1.4770550676638219,-1.502733265674628,-1.6238952108329485,88.63418552876227,16.246698248080417,110.85878317421611,18.514452701394774,93.29477689888836,10.589098893235786
0,sub20,01,1.7236564386070352,2.2332036525051167,0.0071171213402022,0.012578686848583952,0.013759606670058426,-4.945251941463398,-4.375751417213567,-4.286018031910323,3.067675193601928,0.447372376945085,7.947877158145328,0.7215383325734537,7.498999622379632,0.4982936454917515
1,sub20,05,5.1445587765746374,3.173875577267241,0.010318962373479498,0.014048740320953747,0.014879100027198522,-4.573772069189204,-4.26522254409342,-4.207797733449413,4.808984005953952,0.7013149925134121,7.957343222083889,0.722397697640925,7.524008440144722,0.4999554318100779
2,sub20,10,9.096848148729164,6.00957449562007,0.01224303833920394,0.015556534856755986,0.015140021335460387,-4.402797802374888,-4.163274480613469,-4.190413621762441,5.581152792917957,0.8139237153493135,9.782971329830918,0.8881351184078068,8.44786670614728,0.5613439804786563
3,sub20,15,12.683250835268911,10.835135905415918,0.020910972341730883,0.015210589415290523,0.018441356962315244,-3.867481265344368,-4.185763421634646,-3.9931594755831017,8.666368920268884,1.2638541627320683,9.036481191057726,0.8203659217662943,9.239884850782019,0.6139720146777595
4,sub20,25,30.665443649426592,25.298617183051633,0.028557535368649932,0.022905335805006442,0.02546907111091157,-3.5558344418504193,-3.7763853909778615,-3.6702904605846896,13.18352297575923,1.922610328002308,13.654088962084504,1.2395698104638355,13.820204403860172,0.9183251607706265
5,sub20,50,68.13492898049435,51.04632259555926,0.11464292798625789,0.05590297793733529,0.03588930700922904,-2.1659329550848034,-2.8841376276579904,-3.3273158827516105,48.03213663316882,7.004734784226381,32.014910364268715,2.9064345839881485,18.688636524784837,1.2418228153277664
6,sub20,75,87.50108469315421,75.54984643343555,0.15038717532179116,0.07313726480419029,0.11061327746051046,-1.8945421415689447,-2.6154172636761968,-2.2017151477275476,61.62475267175099,8.98700492767739,39.43958569279384,3.580474676687997,60.04419686121355,3.9898177425303274
7,sub20,90,95.87179319960487,96.41114970147748,0.18498461058681873,0.133171081265399,0.1443031583154546,-1.687482643381157,-2.0161206520642434,-1.9358389262938445,74.43901403156316,10.85576423286432,78.80223305995709,7.1539646013369405,76.11784061046683,5.057879476557929
8,sub20,95,99.089801237641,93.48865125521108,0.23133585041092378,0.18914908213243195,0.17501100887993357,-1.4638847264637735,-1.6652197805057691,-1.7429063991519065,92.22735405310138,13.449915000175183,103.19080526092348,9.368051378168678,95.67404132273215,6.357350210734444
9,sub20,100,98.33352136652398,101.46323784600838,0.2550371676914803,0.23623349536242103,0.2385312247946197,-1.36634598879217,-1.4429345759484764,-1.4332550556524897,116.78483414097538,17.03123881881392,132.3536942481021,12.015568680479863,122.650274910443,8.14986740675371
0,sub21,01,2.299155107333495,0.6876712198743712,0.016784845601733666,0.006538370601626797,0.009446538862825642,-4.087278847178466,-5.030067288036564,-4.662106862467342,5.8707656908587555,0.7555706092110102,4.82419682260469,0.3718876998670717,4.294318342434383,0.5111378831337829
1,sub21,05,4.5409929484868545,4.982095885647361,0.020609607427860315,0.008413494726683877,0.009468171425175474,-3.881997931914729,-4.777918347116392,-4.659819481751227,7.968210153563963,1.0255128065192831,5.774746002294663,0.4451636380271931,4.123941299092533,0.49085849201184334
2,sub21,10,11.928789981995946,10.400140091356862,0.03658821145095542,0.01544275243865419,0.012574442876262727,-3.308029181961376,-4.170615483520922,-4.3760888680523236,13.676594138004491,1.760184805343886,11.128047359045706,0.8578389498903041,6.011288350148533,0.7155028941007394
3,sub21,15,19.531753077339065,15.857943060889934,0.054731352906534345,0.025825138169689347,0.03520261421887545,-2.905318554480194,-3.6564069137607627,-3.346634931554097,19.914545758508602,2.563012435387433,18.007652644173156,1.3881739837950855,18.192726297752746,2.165417387988564
4,sub21,25,29.383203685718517,18.85920233433106,0.06290593160536667,0.029319928547515625,0.022734649108098148,-2.766114817569817,-3.529487838954527,-3.7838651258203915,22.67073199556961,2.91773504294743,21.0206018513171,1.6204362217723718,10.958962297712212,1.3044074387415185
5,sub21,50,41.742788415951246,26.085821462682485,0.06894809443231951,0.05098796925782285,0.029802815155672503,-2.6744013120744143,-2.9761655709912973,-3.5131524216214705,24.722803129890092,3.181837669205719,33.79719320019608,2.60535813594724,14.155504182840712,1.684880781010512
6,sub21,75,75.5590816792193,50.967251463051205,0.1350682724985371,0.05782637050744275,0.050725884629903295,-2.001974906166702,-2.850310370195342,-2.9813189537002334,53.73949903408721,6.916301580065334,38.54596872133694,2.9714317582893366,25.827046742653692,3.074104187663396
7,sub21,90,95.80256166427094,75.4038130813555,0.219186714063082,0.13182681944797903,0.12483081685092251,-1.5178313367712848,-2.02626619166594,-2.080795923633766,80.6191100410997,10.37572154900513,92.4677348398885,7.128153034800473,58.06211462033186,6.9109330028112534
8,sub21,95,97.77945592576343,76.3980280817666,0.21022134916562707,0.2767521901683407,0.2766248762268672,-1.559594259732787,-1.2846327935372956,-1.285092928051178,76.66806958774107,9.867220580041257,200.9301443312634,15.489303599550782,127.36614221601452,15.159952086436345
9,sub21,100,99.53415862823107,96.64128563073389,0.28037789251262674,0.2196962807974975,0.21279312259872568,-1.2716169696095974,-1.5155092282851692,-1.5474348406519163,96.65707552085024,12.439816078771264,150.74840640308352,11.620893627967785,99.70525696763136,11.86757243405824
0,sub22,01,1.7497757347666343,4.058567527195649,0.011958758524469976,0.016446880262711988,0.016854812749725508,-4.4262913381493245,-4.107619469439693,-4.083119039837176,9.012369110440124,0.687192604294824,8.440731489657185,0.5886708573715835,13.091615572446209,0.7225607214117481
1,sub22,05,6.779404332514261,9.30419181561677,0.016383637468635512,0.014846035748847727,0.018575499921256223,-4.111472157528326,-4.210022402311254,-3.9859117750793107,12.47349571617585,0.9511033004551019,7.941417327820252,0.5538478451591363,13.98989554098386,0.7721391572055979
2,sub22,10,9.55034868035175,13.333866210710825,0.025025626554403053,0.020497117256124405,0.018072726188011336,-3.6878549169552937,-3.887471024378394,-4.013351317577529,22.459601434813482,1.712543262740324,12.711453823016738,0.8865182395155741,13.97591653209693,0.7713676189114839
3,sub22,15,15.349185434221823,19.287548578384314,0.02629076668909377,0.01701341057334923,0.018442442563785764,-3.6385374779004995,-4.073753388654431,-3.9931006095506003,21.092121716573562,1.608273016217792,9.336797806038748,0.6511640343400117,13.65437571731746,0.7536209350278413
4,sub22,25,20.209719508193793,26.715476116100813,0.03397305762421848,0.02776316409693783,0.02056207664197667,-3.3821874913160013,-3.584045169401568,-3.88430683950854,27.272505191777014,2.0795268856299765,15.431795001131492,1.0762394237075232,15.491516379864489,0.8550175636653868
5,sub22,50,41.20234555368968,54.461228479994396,0.06971098236583824,0.034228439127968795,0.027644927407694305,-2.6633974074035476,-3.374698427013219,-3.5883130250703745,55.35801376809854,4.221045230584277,18.394155600666366,1.2828394507441394,20.367313463809364,1.1241256381376816
6,sub22,75,58.79594108028202,77.64977036042693,0.09945273679001536,0.06536729715064862,0.05034131497954603,-2.3080727548047415,-2.727733189150526,-2.988929167654558,74.98109927085308,5.717304323580898,34.916891929537435,2.4351629635533567,36.2943501345406,2.0031807129732297
7,sub22,90,70.05605435221543,93.91058095717243,0.11204943551504824,0.08204154207929136,0.06526442158447408,-2.188815116543087,-2.5005295492787063,-2.7293082367490458,106.2510141025478,8.10163345457232,45.808423384800335,3.19475674612013,63.841405661105675,3.5235752130941296
8,sub22,95,89.02781151781045,116.82166649910837,0.14327952177970615,0.1369030516145569,0.087526980607444,-1.9429578588978265,-1.9884822561066828,-2.4358081833492373,109.54034836895488,8.352444995159354,69.26851864546775,4.83090337725494,64.36281513484576,3.552353174332887
9,sub22,100,91.61397151245428,124.74378860785777,0.1592917796277058,0.1480695181422294,0.13711262590320172,-1.8370176664879785,-1.9100733983233764,-1.986952603997669,123.19288401395725,9.393450019492953,82.26336993702378,5.737186234444515,109.7569577975255,6.0577753881693175
0,sub23,01,1.6067395312550747,0.7504683591029976,0.008823722498020827,0.012524000663017777,0.005814871385892155,-4.730311446072502,-4.380108422578202,-5.1473366109014815,2.1343508198602863,0.35645318562014916,9.006899372328663,0.46699963387215554,3.4012253369780607,0.30801433023220526
1,sub23,05,5.350289234562267,5.058987682981092,0.03147355700984847,0.016239316879410687,0.008600900757263448,-3.4586075456992216,-4.12032000920902,-4.755888341990763,8.37338482404674,1.39842038486918,12.284567842628693,0.6369437969308664,4.726100848496138,0.42799480870407997
2,sub23,10,12.122446258549092,9.720629126113515,0.02957426316617984,0.014920333423568981,0.014804699677594353,-3.5208507835048066,-4.205030337032028,-4.212810602835657,7.829241445172809,1.3075442088305937,11.175649992822205,0.5794474035055185,8.34060386679227,0.755323525857509
3,sub23,15,19.46411362701902,14.31963473952768,0.05387706954193528,0.019379233389386158,0.019827994878778205,-2.9210503175245948,-3.9435532300931273,-3.9206604571061607,14.226645109851269,2.3759603730120404,13.644864579310928,0.7074739596125719,10.951168703858578,0.991735789130588
4,sub23,25,34.37409187606054,25.00045295912017,0.07994864806347887,0.026012711573513907,0.021187740233480436,-2.5263707496202694,-3.649169953762971,-3.8543325554523937,19.906656096862328,3.3245663809081902,22.091846008767284,1.1454423515988514,12.30781604092601,1.1145935181804953
5,sub23,50,51.71493265998084,35.85122541188122,0.10206948595023096,0.027536844905710144,0.031223565600863045,-2.2821014628267817,-3.5922303563074043,-3.4665821615480565,24.444771196176397,4.082466895111047,19.43188813797883,1.0075259277083062,17.407540213045067,1.5764235851762505
6,sub23,75,71.25475682469596,50.435265173977285,0.10434583728630262,0.0411566714595339,0.03254784262589921,-2.2600445380964813,-3.190369239616388,-3.4250441912983116,34.01033546902579,5.6799905194300555,31.040074920429213,1.6093999748391739,19.97319132713826,1.8087684700991233
7,sub23,90,91.32429610965983,76.85500279455809,0.36433973753797555,0.11868776363064792,0.10628153765649269,-1.009668501756352,-2.1312590691954765,-2.2416636902191525,98.1987982179717,16.39996298788291,96.57899697167888,5.00753415365994,58.49456097870759,5.29725649935664
8,sub23,95,93.81663003001026,85.16728837130717,0.3360718200180323,0.1325875731676096,0.13829098287315855,-1.090430391806553,-2.0205119223067514,-1.978395242197263,81.90969403687679,13.679555910367014,94.1272193064037,4.880411686239344,73.4581950345294,6.652360400128711
9,sub23,100,100.0,87.79700804830685,0.27958213419230116,0.08451619945433068,0.10838609490118921,-1.2744591684025803,-2.470812053474224,-2.2220554740239256,69.29132710880101,11.572190501183265,60.66775226297333,3.145568405226916,59.47099876085389,5.385682522240624
0,sub24,01,1.1217827956076953,0.767511921593193,0.010060914872630495,0.010026380215460684,0.006970347330039293,-4.599097176832112,-4.6025356379134745,-4.966090223307914,3.47590256772973,1.0725610022846535,3.857296010889224,0.3998049301380557,3.34455679305087,0.48821383967014387
1,sub24,05,4.060623232648997,1.5463905205762398,0.005800299718162682,0.006809259863115033,0.0031297486674700193,-5.149845687219608,-4.989471848557623,-5.766802575587028,1.9586899901653756,0.6043939546869495,2.49552743511138,0.25865895929057847,1.4495999286517154,0.21160195234928286
2,sub24,10,11.271336561565459,2.008997188554818,0.00957751735620168,0.011527583528403022,0.010761785018395989,-4.648336869206129,-4.4630125478976925,-4.531753844104397,3.2282497867150775,0.9961426591786936,4.335451823499668,0.44936530888942705,5.580921337823267,0.8146619130214576
3,sub24,15,20.85045036242287,8.449552032578179,0.019312724863762752,0.018340440932382695,0.010654500610146729,-3.946991080960876,-3.9986467703281745,-4.541772883591726,5.7609730667506005,1.7776663546253255,7.270046785632417,0.7535331846518319,5.433621422224017,0.7931601530491896
4,sub24,25,33.92023235243802,15.549807117291493,0.0547220220296884,0.02232668323141144,0.021786831243216627,-2.905489054053624,-3.801972758358003,-3.8264495631238193,18.426964732502903,5.686017768750657,8.118112873943469,0.8414343989305594,9.916388684456916,1.4475215984848255
5,sub24,50,44.21345086736462,22.418759999484454,0.04911823237287535,0.052080516152637514,0.036844715186715074,-3.013524981684989,-2.9549643703660053,-3.301043084831996,16.180716901694304,4.9928919466522,21.27723295814522,2.2053642272585976,16.580911496066193,2.4203596971487222
6,sub24,75,56.54950161426087,34.037452488411574,0.08925685263585054,0.07283047191797223,0.04246921632385147,-2.4162370810362206,-2.6196208410537922,-3.1589757872912636,25.754105692462538,7.9469573373267055,26.949551020700408,2.79329440433565,20.666100807600287,3.016685632981966
7,sub24,90,82.9358796360625,40.75893748117087,0.12630848771958406,0.13036176969263719,0.07024058969997099,-2.0690280490366386,-2.037441849678125,-2.655828934189792,37.86722708053766,11.684709292001095,49.02222382260416,5.081105187488616,33.16612866343242,4.8413479045748335
8,sub24,95,93.37494440582208,72.69926110319818,0.19232278098005925,0.1952513929681069,0.19891958222875747,-1.6485801675689844,-1.6334673560081137,-1.6148546453350827,57.54498881086785,17.756686119011693,75.92258807511945,7.869301431775762,90.54516687921138,13.21711853645936
9,sub24,100,100.0,93.45600334512763,0.18508031681722195,0.21159697984887033,0.16437606142274583,-1.6869654031595107,-1.5530718520257956,-1.805598418746267,57.27437899726742,17.67318391282272,78.72813465260336,8.16009356964735,79.05020863967508,11.53916894665653
0,sub25,01,-0.8173291153446005,1.8795011293696888,0.009789133114781625,0.008609122602736222,0.007804277793435276,-4.626482374390804,-4.754932870179217,-4.853083260566328,6.942739345639741,0.541778411423645,3.6390995596309055,0.5635330990495874,4.689721430409515,0.683733802904126
1,sub25,05,4.714709551276963,5.829715404891932,0.011305390824894304,0.017370560927212973,0.008354098848719006,-4.482475602872826,-4.052978406377011,-4.785002980475481,7.670632031036956,0.5985797002447588,9.893293764291968,1.5320269213422877,5.207828030933862,0.7592706981212279
2,sub25,10,8.664015454829066,11.075279521763143,0.019814073803557365,0.03404216842803615,0.012801011512520161,-3.9213627956195536,-3.380155274954634,-4.358231086763193,14.092541594023167,1.099715028553759,14.729176377679254,2.2808879709252663,7.292418941496488,1.0631917927807673
3,sub25,15,13.601638744108458,15.696663605042787,0.02455985721668724,0.03133497418155276,0.015529657754125568,-3.7066419893728946,-3.463020419255008,-4.165003679789709,17.80279426177971,1.3892455288713186,14.935804299006488,2.3128853568026453,8.300639333553821,1.2101843962980838
4,sub25,25,26.864287742131488,25.944516371454856,0.027797825053544355,0.07109081865771519,0.01699742111607433,-3.582797496830117,-2.6437970833141806,-4.074693645487837,17.802887308171996,1.3892527897699483,36.56626253645482,5.662471968730418,10.454421093397796,1.5241931098508354
5,sub25,50,61.8198830274989,51.776436016331424,0.09806823775692282,0.06895464838936248,0.03440434486575013,-2.3220917389764035,-2.6743062602006984,-3.3695724183415705,63.19481176175461,4.931423033762886,30.950515733895678,4.792844977968742,19.863177498380697,2.895934457996489
6,sub25,75,82.5392537852436,76.4123912488895,0.11098224350034196,0.1507548387313579,0.06646120455481845,-2.1983850589315104,-1.8921003461695127,-2.7111368917116834,73.93793622140225,5.769765453621957,66.085387952144,10.233658866520038,38.42858754242782,5.602662053708364
7,sub25,90,91.30919435819311,100.15066256425531,0.15094917465230132,0.18232829310097187,0.16996676626760102,-1.8908120905335295,-1.7019464085666176,-1.7721523535865569,106.34751039292638,8.298854727381402,82.24912697548649,12.73669616868629,103.34274193613115,15.066763984819584
8,sub25,95,94.55426228187038,116.52941783581682,0.0943636956721155,0.20776610665913192,0.17075081514059953,-2.3605988595449765,-1.571342319206641,-1.76755000665918,73.73533591945542,5.7539554880913295,91.13183722912495,14.1122290869723,94.90315970427817,13.836322531114082
9,sub25,100,96.09329947507653,122.71093504916547,0.14755795221540458,0.2634258842633292,0.18323119876088603,-1.9135342839902085,-1.3339832247086743,-1.6970065423281875,95.16517267811037,7.42623819066228,113.39058791647689,17.559109984368742,101.22007651976634,14.757291851141602
